,BTC,ETH,BNB,SOL,avg_QLIKE,avg_rank,MCS_count
LogHAR,0.3301580869153249,0.29292679178101644,0.27481420881443525,0.2548688118881423,0.28819197484972975,1.25,4
AR1Log,0.3284251368298181,0.29463485449502974,0.2872937197855336,0.2638184782978166,0.2935430473520495,2.0,3
GBRT,0.37244559417519796,0.312200155928032,0.28648780109166444,0.2703744236393651,0.31037699370856486,2.75,0
HAR,0.3865519965329466,0.36186330476573,0.3918304292541939,0.32216986530424496,0.3656038989642788,4.75,0
EWMA,0.41445163444535177,0.38166820842759824,0.38476454365488866,0.4036401261144554,0.3961311281605735,5.5,0
RW,0.48255474591675296,0.4058689570013016,0.3689944880172891,0.34365543399366155,0.4002684062322513,5.75,0
MA22,0.46615030899347426,0.42934492057415274,0.4283069800225181,0.46968734581885707,0.44837238885225056,7.0,0
HARQ,0.6853914322314854,1.48042146254554,1.4284165898330516,0.27893317456827615,0.9682906647945884,7.75,0
HistMean,0.6224151035059206,0.625535896520125,0.7723556605241639,0.6546250764133362,0.6687329342408864,8.25,0
