,BTC,ETH,BNB,SOL,avg_QLIKE,avg_rank,MCS_count
LogHAR,0.24865205560465706,0.24413994532305056,0.25136133569170155,0.26280197571342706,0.251738828083209,1.0,4
GBRT,0.24945727297516787,0.24736067842481652,0.26091586240525894,0.2898292632101714,0.2618907692538537,2.25,3
AR1Log,0.2826822078201998,0.2697897795912848,0.284027695603166,0.27409484793634886,0.27764863273774987,3.0,1
EWMA,0.28916278540655327,0.28592878110993875,0.30902781032104426,0.3814680598480005,0.31639685917138416,4.75,0
HARQ,0.2823021303867931,0.9092949577938692,0.3324395276534817,0.3133791188047832,0.45935393365973176,5.25,1
HAR,0.3099542387382827,0.3110896503725718,0.3808302644158112,0.3403383582727916,0.33555312794986436,5.75,0
MA22,0.3547189664920372,0.33987424972489066,0.3639131101802151,0.47193101695883655,0.3826093358389949,6.5,0
RW,0.8361892368313009,0.6079446800874135,0.47732710499641495,0.4937492163868923,0.6038025595755054,8.25,0
HistMean,0.449810249871341,0.48281282781101403,0.6354069056519669,0.5200949267053657,0.5220312275099219,8.25,0
