,BTC,ETH,BNB,SOL,avg_QLIKE,avg_rank,MCS_count
LogHAR,0.21401523011429532,0.2219760249507506,0.26418422946157794,0.27480924603953305,0.24374618264153924,1.5,4
GBRT,0.21561721704192294,0.24500519826360895,0.30010454929242186,0.273980027536867,0.2586767480337052,2.5,2
AR1Log,0.2335102773029904,0.25324680469650745,0.30353467999740724,0.27187013817468186,0.26554047504289674,3.0,1
EWMA,0.2338950903329109,0.24014305666049096,0.2992787644022902,0.37001189253137773,0.2858322009817674,3.5,3
HAR,0.2792276794174451,0.29855497369476475,0.3884591224627303,0.30435157693352743,0.3176483381271169,5.75,0
HARQ,0.26923616074025875,0.42326451805609655,0.4297423657674667,0.29575360884572566,0.35449916335238696,6.0,0
MA22,0.2972775416228562,0.2882844133553991,0.3596194066434422,0.47443971147582537,0.35490526827438074,6.25,0
HistMean,0.3293030852891361,0.37029854685883024,0.5092657487887785,0.38583983904964303,0.39867680499659697,7.5,0
RW,0.8826592479620955,0.683110672115844,0.6942345415492011,0.7489306845001323,0.7522337865318182,9.0,0
