,.SPX,.DJI,.FTSE,.GDAXI,.FCHI,.STOXX50E,.N225,.HSI,avg_QLIKE,avg_rank,MCS_count
LogHAR-CJ,0.19872669823981015,0.21316211084690423,0.21319720153273639,0.15323736552916362,0.14771035729853985,0.2060922745725061,0.19178358790032948,0.14076283351969796,0.18308405367996097,2.25,5
LogSHAR,0.19655382128439433,0.20999565847883286,0.3386074738626436,0.15101142191707279,0.14436165319808208,0.1998349219679131,0.19183726074527607,0.14140122960505772,0.1967004301324091,2.5,7
LogHAR,0.20597535974702488,0.22239651018898432,0.22055676675522184,0.15420268064976708,0.14720462271198165,0.20602438682356666,0.19453184691326086,0.14186663439378025,0.18659485102294843,3.5,2
LogHAR-J,0.20697911014663833,0.22377395516194867,0.22369536219380548,0.15373979520898073,0.14982245348529977,0.20640871280430836,0.1943822244851257,0.14193165850086087,0.187591658998371,4.25,2
HAR-J,0.22450859282839136,0.23544847067900243,0.2378209996123648,0.16529138488273146,0.156716737410138,0.19979409192258762,0.20463051815115468,0.14040825612970761,0.19557738145200973,4.5,2
SHAR,0.21523006198049635,0.23552798201264794,0.2380645169926936,0.1644205816169545,0.16078497911238318,0.20931572785222435,0.20073174545749853,0.14242762573990123,0.19581290259559997,6.125,1
HAR-CJ,0.23898020735834788,0.2985501353574919,0.24035410397357174,0.16523777205617365,0.1580997172979998,0.20238956217317447,0.20651304738844933,0.14109529764242731,0.2064024804059545,6.25,1
HAR,0.22553718828831698,0.24199364912130858,0.24022841538067288,0.1670466578531371,0.15681856591427412,0.2099945646384634,0.2034351208573579,0.1416591197175613,0.19833916022138653,6.625,1
