,.SPX,.DJI,.FTSE,.GDAXI,.FCHI,.STOXX50E,.N225,.HSI,avg_QLIKE,avg_rank,MCS_count
LogSHAR,0.17072776322677796,0.1679761227115367,0.15701173195594015,0.11215423396251098,0.10823046473944109,0.13814142893863676,0.15993198672860273,0.09132821072246457,0.13818774287323887,1.5,7
LogHAR-CJ,0.1729602423098236,0.17353917855606427,0.14013092486774467,0.11341385395165277,0.11017216576028921,0.14107603858313797,0.1592651663380691,0.09062538227500465,0.13764786908022328,1.75,7
LogHAR,0.17652522212639002,0.1759851876519001,0.14890217169771794,0.11401445223399127,0.11012946101960956,0.14183185089198813,0.16151748619001285,0.0916213018540586,0.14006589170820857,3.125,1
LogHAR-J,0.17714239117615418,0.17670631725714406,0.15712246995668558,0.11389624228507356,0.11135188947739234,0.1426283142891907,0.16087770325769765,0.09158688784472242,0.14141402694300756,3.625,2
SHAR,0.19071990405006434,0.1960145221517699,0.1731510476874337,0.13799700272960752,0.12889799470512972,0.1571865837112087,0.17435803574932843,0.09482427864309224,0.1566436711784543,5.625,0
HAR-J,0.19757744462649374,0.1999899047493133,0.17270295403388838,0.1400872310101222,0.1315553055667196,0.15321063342762176,0.17730565475309026,0.0939020720438595,0.15829140002638858,6.0,1
HAR-CJ,0.20840085883907672,0.21441184368135946,0.1765577850563979,0.13961534349039945,0.13072944871003367,0.1545943691256959,0.18157883903659103,0.09430022575081472,0.16252358921129612,7.0,1
HAR,0.19807561470512725,0.20230317839286097,0.17452336969323257,0.14126216374793388,0.13238907475086792,0.15831754217688387,0.1758946899650945,0.0950971544943327,0.1597328484907917,7.375,0
