,.SPX,.DJI,.FTSE,.GDAXI,.FCHI,.STOXX50E,.N225,.HSI,avg_QLIKE,avg_rank,MCS_count
LogSHAR,0.2764672102525874,0.2707953470312693,0.2036272872362454,0.17134019973481476,0.17103984230325694,0.20064416386666856,0.19173910730796492,0.09080253070370907,0.19705696105456452,1.5,8
LogHAR,0.27863319673508113,0.27388632121467843,0.19172998344360395,0.17253179215793324,0.17281577324038508,0.20418242359040684,0.19209848960985218,0.09085642281424777,0.19709180035077356,2.5,4
LogHAR-CJ,0.2840907625488822,0.27372841550030674,0.19215324913705506,0.16890685282663026,0.173456315308296,0.2033465308306989,0.19204603382749996,0.09191652697110861,0.1974555858688097,2.5,7
LogHAR-J,0.28535855465946947,0.27740097395150504,0.1993941397184548,0.17260719803154315,0.17359558273579995,0.2052915167810644,0.19194543333950323,0.09124966081462363,0.19960538250399545,3.5,4
SHAR,0.2885391916046331,0.28812514834853226,0.22694194800519332,0.2095993621247504,0.2058051936707641,0.22399637893828445,0.20842127194807714,0.1025452505166258,0.21924671814460756,5.625,2
HAR-J,0.29077726614135496,0.28747003786535885,0.22797265662448885,0.21042218761879683,0.20726050923013573,0.22221738055746246,0.21017366313994926,0.10252901040055927,0.21985283894726326,6.125,1
HAR,0.2913423447632444,0.29038035128235556,0.22786544647441034,0.21089768816578439,0.20759875612128653,0.22455653151969132,0.20864174477841962,0.10265307850256168,0.22049199270096922,7.0,1
HAR-CJ,0.30647706855237705,0.3017202000080704,0.2358973398609452,0.20869940268767442,0.2040676495079556,0.22631627072256788,0.21174768144607586,0.1041360696947536,0.22488271031005252,7.25,0
