,.SPX,.DJI,.FTSE,.GDAXI,.FCHI,.STOXX50E,.N225,.HSI
RW,3.358534450656358e-08,4.322445438746502e-08,6.037412201080736e-08,3.671783447439675e-08,2.8066030628950446e-08,6.446476781150627e-08,1.9226505874981572e-08,1.450436115884072e-08
HistMean,5.303335498449082e-08,5.6563334463302434e-08,5.214091214923153e-08,5.839339306039843e-08,4.106477303720827e-08,7.08413259052503e-08,2.0421923570093697e-08,1.859055141884683e-08
MA22,3.092409367669086e-08,3.4976690709320276e-08,3.615410365486424e-08,2.955452978098237e-08,2.5833975590731094e-08,4.8662902079855076e-08,1.363950642324122e-08,9.53644983699335e-09
EWMA,2.7638702220136082e-08,3.1254257456853813e-08,3.1612198052016706e-08,2.620686247640172e-08,2.2198291286200503e-08,4.1908073328508005e-08,1.2239191841970489e-08,8.795401630504736e-09
AR1Log,2.3147387831088882e-08,2.753661010997867e-08,2.9453286224547952e-08,2.373363525969704e-08,1.8211935267807612e-08,3.764477790526987e-08,1.1238491323706304e-08,8.776112824758525e-09
HAR,2.258069685790841e-08,2.66733428098837e-08,2.7388559353121812e-08,2.1912489923949807e-08,1.642923001423512e-08,3.45617013552518e-08,1.0491540119198307e-08,8.320135045101556e-09
LogHAR,1.975670450232353e-08,2.3251489364515392e-08,2.5078158911047104e-08,2.0653564821453797e-08,1.5866636708192186e-08,3.253735609787282e-08,9.691848290916015e-09,7.42308765901004e-09
GBRT,3.009486594132523e-08,3.251018417804945e-08,3.0061424922567676e-08,2.01532814524989e-08,1.8256233957102923e-08,3.596130298542993e-08,1.2985929056072099e-08,9.078211075836487e-09
