,.SPX,.DJI,.FTSE,.GDAXI,.FCHI,.STOXX50E,.N225,.HSI
RW,3.358534450656358e-08,4.322445438746502e-08,6.037412201080736e-08,3.671783447439675e-08,2.8066030628950446e-08,6.446476781150627e-08,1.9226505874981572e-08,1.450436115884072e-08
HistMean,5.303335498449082e-08,5.6563334463302434e-08,5.214091214923153e-08,5.839339306039843e-08,4.106477303720827e-08,7.08413259052503e-08,2.0421923570093697e-08,1.859055141884683e-08
MA22,3.092409367669086e-08,3.4976690709320276e-08,3.615410365486424e-08,2.955452978098237e-08,2.5833975590731094e-08,4.8662902079855076e-08,1.363950642324122e-08,9.53644983699335e-09
EWMA,2.7638702220136082e-08,3.1254257456853813e-08,3.1612198052016706e-08,2.620686247640172e-08,2.2198291286200503e-08,4.1908073328508005e-08,1.2239191841970489e-08,8.795401630504736e-09
AR1Log,2.31473878310889e-08,2.7536610109978677e-08,2.9453286224547936e-08,2.3733635259697025e-08,1.8211935267807612e-08,3.764477790526984e-08,1.1238491323706307e-08,8.77611282475852e-09
ARFIMA,2.4343096445176614e-08,2.8365497729134143e-08,2.874562303240521e-08,2.3600320967019594e-08,1.8715697070072915e-08,3.813000549154388e-08,1.0726090665787693e-08,8.649226780487759e-09
HAR,2.2580696857908415e-08,2.66733428098837e-08,2.7388559353121818e-08,2.191248992394981e-08,1.642923001423512e-08,3.45617013552518e-08,1.0491540119198306e-08,8.320135045101556e-09
LogHAR,1.975670450232354e-08,2.3251489364515392e-08,2.5078158911047104e-08,2.0653564821453757e-08,1.5866636708192176e-08,3.253735609787285e-08,9.691848290916015e-09,7.423087659010049e-09
GBRT,3.009486594132523e-08,3.251018417804945e-08,3.0061424922567676e-08,2.0153281452498893e-08,1.8256233957102923e-08,3.596130298542993e-08,1.2985929056072099e-08,9.078211075836487e-09
