,.SPX,.DJI,.FTSE,.GDAXI,.FCHI,.STOXX50E,.N225,.HSI,avg_QLIKE,avg_rank,MCS_count
LogHAR,0.1765252221263901,0.1759851876519001,0.14890217169771794,0.11401445223399123,0.11012946101960959,0.14183185089198816,0.16151748619001297,0.09162130185405855,0.14006589170820857,1.0,8
GBRT,0.1954126516662999,0.1960124657796616,0.1563791609343467,0.11667748821385573,0.11742982906406875,0.14422517765683343,0.17411316756946865,0.09809962580579795,0.1497936958362916,2.5,2
ARFIMA,0.18635478633039443,0.18703836197166696,0.16053288984193095,0.12100501438180028,0.12096448166217388,0.16267307578837564,0.1660691888158413,0.09828352043151539,0.15036516490296234,2.875,1
HAR,0.19807561470512725,0.20230317839286097,0.1745233696932326,0.14126216374793396,0.13238907475086792,0.15831754217688387,0.17589468996509447,0.0950971544943327,0.1597328484907917,3.625,0
EWMA,0.24982636618859838,0.24702889062874803,0.18920175466465128,0.15293863966290866,0.1507480210799904,0.1859849095227989,0.20992003034412768,0.10552381710047289,0.18639655364903704,5.625,0
AR1Log,0.20887350874737828,0.21291482440452672,0.19223639334557946,0.14853114459317937,0.14280537679735825,0.26437915847769416,0.1821055000310408,0.12384646632171606,0.18446154658980915,5.625,0
MA22,0.2773007449072135,0.27390471644178266,0.20961371721655314,0.1694524719291999,0.16928970564804682,0.20631591407892189,0.2362348976586693,0.11570851081893485,0.20722758483741527,6.75,0
RW,0.3270709918369044,0.33371266947176476,0.29963737313228056,0.2229372315692974,0.2111907318219478,1.5587858133614607,0.2817449137484433,0.1769370680808085,0.42650209912786347,8.125,0
HistMean,0.7167587522174027,0.6852615785786055,0.5646444541588491,0.5736318910505102,0.5123297918412354,0.5403379523777857,0.439175966042345,0.38211215073098753,0.5517815671247152,8.875,0
