,.SPX,.DJI,.FTSE,.GDAXI,.FCHI,.STOXX50E,.N225,.HSI
RW,4.5087178841686915e-08,5.4792960507273745e-08,6.960881232571321e-08,4.41048260718636e-08,3.7608831250969296e-08,7.917969510289447e-08,2.2109808057657965e-08,1.6458162893017327e-08
HistMean,4.011758780973012e-08,4.1584768021842905e-08,3.615029090384185e-08,4.592886847974005e-08,3.022646286788548e-08,5.0020031994331455e-08,1.4483694089683224e-08,1.4108605966321461e-08
MA22,3.1052222812319774e-08,3.392136067356773e-08,3.241877853633314e-08,2.8060733556287227e-08,2.417938063056136e-08,4.441498496007389e-08,1.3389275238634124e-08,8.114259871501164e-09
EWMA,2.718233095950783e-08,2.959580745938575e-08,2.7383875708013644e-08,2.3992457200188138e-08,2.042582013595545e-08,3.725889959971549e-08,1.1277297259269745e-08,7.262484059205332e-09
AR1Log,2.3107872325478306e-08,2.5437045364853532e-08,2.3586697956219068e-08,2.2498013726251642e-08,1.7507828400877422e-08,3.187572711922669e-08,9.444425311545362e-09,7.388294292655495e-09
HAR,2.326347506561896e-08,2.5548444297823475e-08,2.3472101850981662e-08,2.127281782602491e-08,1.7375019173899713e-08,3.129190983368511e-08,9.434289647332866e-09,7.701712378612816e-09
LogHAR,2.0913133143983706e-08,2.279441995024909e-08,2.1756336434045822e-08,2.001774147683182e-08,1.6503976283000794e-08,2.9523365473685527e-08,8.700023448420343e-09,6.31688770746128e-09
GBRT,3.000824132969163e-08,3.0914441428382744e-08,2.4663095934874067e-08,2.140634262642997e-08,1.822507812508392e-08,3.197326527850959e-08,1.1392373228990102e-08,7.827801257088322e-09
