,.SPX,.DJI,.FTSE,.GDAXI,.FCHI,.STOXX50E,.N225,.HSI,avg_QLIKE,avg_rank,MCS_count
LogHAR,0.2786331967350812,0.2738863212146784,0.1917299834436039,0.17253179215793332,0.17281577324038525,0.20418242359040675,0.19209848960985226,0.09085642281424773,0.19709180035077362,1.0,8
ARFIMA,0.28742797559467864,0.28393248587090153,0.20536241975601005,0.17906904437868842,0.18734207711607692,0.22763052312742935,0.1942853746774425,0.10340311946952317,0.20855662749884382,2.75,4
GBRT,0.31541659302936664,0.3069015904025916,0.2043589730306038,0.17989996494020025,0.18537677640589234,0.2132129211844308,0.21389968336775203,0.1056472248675981,0.21558921590355448,3.625,2
HAR,0.2913423447632444,0.2903803512823556,0.22786544647441034,0.21089768816578439,0.20759875612128648,0.22455653151969132,0.2086417447784196,0.10265307850256165,0.22049199270096922,4.0,3
EWMA,0.37768349155458164,0.3646197789390823,0.22599553792350782,0.2077312351897254,0.20677364121542893,0.25143501823605274,0.25274628475569927,0.09863620111404092,0.24820264861601488,4.75,2
AR1Log,0.3017992172176948,0.3007383375640277,0.23471512950520904,0.20373825377358717,0.2082164704328916,0.2882335522891137,0.20513081007423992,0.13264211483119684,0.23440173571099512,5.125,3
MA22,0.41006935668212324,0.39056918787985045,0.2465129751691821,0.230017326907939,0.22579228754174877,0.2714922602155909,0.28306335007621664,0.105664346769391,0.27039763640525527,6.75,0
RW,0.6395852459789166,0.6354050632956862,0.443699972138342,0.37978567200467833,0.3868553260363009,2.2734275060836384,0.4185504823881135,0.2185751067394555,0.6744855468331414,8.5,0
HistMean,0.6322878456568833,0.6055810415317743,0.4978363677153149,0.516339469245582,0.4556895656120611,0.4707097949434616,0.36538622735331927,0.3406336375878823,0.48555799370578484,8.5,0
