,.SPX,.DJI,.FTSE,.GDAXI,.FCHI,.STOXX50E,.N225,.HSI,avg_QLIKE,avg_rank,MCS_count
LogHAR,0.20597535974702494,0.22239651018898426,0.22055676675522184,0.15420268064976714,0.14720462271198168,0.20602438682356672,0.19453184691326098,0.14186663439378025,0.18659485102294845,1.125,8
ARFIMA,0.21595913060380867,0.23404053068182556,0.23117449003006268,0.16063433602539204,0.15641138167757115,0.2280663676823681,0.20044937613642413,0.14899766877022372,0.1969666602009595,2.75,0
GBRT,0.22293312310666766,0.2396849315358717,0.23193772180006617,0.15751218199071185,0.15209351633877774,0.20997370982193328,0.20561690600703988,0.14829400968104522,0.19600576253526417,2.75,1
HAR,0.22553718828831698,0.24199364912130858,0.24022841538067288,0.16704665785313713,0.15681856591427412,0.2099945646384634,0.2034351208573579,0.1416591197175613,0.19833916022138653,3.375,2
AR1Log,0.23538366191045768,0.2589781313081519,0.2609650038090162,0.18548291792743984,0.17800060831986805,0.4013558420531441,0.21643438690415107,0.17289023934409398,0.23868634894704038,5.5,0
EWMA,0.29740394453760893,0.30401470868861685,0.26982103056682366,0.2037542847376476,0.1997324978496437,0.25805487240771513,0.2535319044391828,0.16345345631368358,0.2437208374426153,5.875,0
MA22,0.3195330711267273,0.3249737187135498,0.28840136781917214,0.21927127456747175,0.2167788827557259,0.27797257639361034,0.27456909765969995,0.17268746403565702,0.2617734316339518,7.0,0
RW,0.2891706488104458,0.321963351457797,0.33607202588523427,0.229790517614961,0.22227986384424406,1.855350881701801,0.27481631603139384,0.21224460664637623,0.4677110264990317,7.75,0
HistMean,0.8277122730556006,0.8037148712507262,0.6784013295047822,0.660293757704411,0.5949096574874659,0.6515286632078373,0.5346145645770906,0.4572615730296465,0.651054586227195,8.875,0
