,.SPX,.DJI,.FTSE,.GDAXI,.FCHI,.STOXX50E,.N225,.HSI
RW,4.31384874021993e-08,5.545548901701705e-08,9.10859455161577e-08,3.876253157003035e-08,3.352062969793815e-08,8.659933574500988e-08,2.1717755142551894e-08,1.7570705516339917e-08
HistMean,7.189320520935453e-08,8.131904741193773e-08,9.010665795142292e-08,7.744960387971489e-08,5.663450021484576e-08,1.0854889367739943e-07,3.08775884815583e-08,2.6680880406324783e-08
MA22,4.4977819500243225e-08,5.4623416031414486e-08,6.945572045285097e-08,4.402299652488817e-08,3.755589290116351e-08,7.935677678807707e-08,2.2030312728485253e-08,1.6392147457937086e-08
EWMA,4.1949286036072684e-08,5.106353293581201e-08,6.536064246660858e-08,4.1091135024338175e-08,3.414166128519168e-08,7.325303691726411e-08,2.0796177605748283e-08,1.5571601561447852e-08
AR1Log,3.547428916169377e-08,4.521096568029927e-08,6.365531841391445e-08,3.2938226233499177e-08,2.738881357285967e-08,6.648396271393156e-08,1.7371352545894527e-08,1.443609069203291e-08
HAR,3.4010040312560145e-08,4.2301334732356806e-08,6.029794703349323e-08,3.118409444685606e-08,2.6067499193828986e-08,6.387830428865843e-08,1.6842016983538763e-08,1.340002714957685e-08
LogHAR,3.0715407771562604e-08,3.9647416027805535e-08,5.710687489239152e-08,3.1194540184894396e-08,2.5025329302529804e-08,5.941168053145761e-08,1.634578093092202e-08,1.3215114022771006e-08
GBRT,4.130230158483118e-08,5.12161889159935e-08,6.307452826511065e-08,3.231659967905991e-08,2.6758918100755663e-08,6.314703835143048e-08,2.008347275035406e-08,1.5811695688189462e-08
