,.SPX,.DJI,.FTSE,.GDAXI,.FCHI,.STOXX50E,.N225,.HSI
RW,4.31384874021993e-08,5.545548901701705e-08,9.10859455161577e-08,3.876253157003035e-08,3.352062969793815e-08,8.659933574500988e-08,2.1717755142551894e-08,1.7570705516339917e-08
HistMean,7.189320520935453e-08,8.131904741193773e-08,9.010665795142292e-08,7.744960387971489e-08,5.663450021484576e-08,1.0854889367739943e-07,3.08775884815583e-08,2.6680880406324783e-08
MA22,4.4977819500243225e-08,5.4623416031414486e-08,6.945572045285097e-08,4.402299652488817e-08,3.755589290116351e-08,7.935677678807707e-08,2.2030312728485253e-08,1.6392147457937086e-08
EWMA,4.1949286036072684e-08,5.106353293581201e-08,6.536064246660858e-08,4.1091135024338175e-08,3.414166128519168e-08,7.325303691726411e-08,2.0796177605748283e-08,1.5571601561447852e-08
AR1Log,3.5474289161693746e-08,4.521096568029929e-08,6.365531841391443e-08,3.293822623349919e-08,2.7388813572859643e-08,6.648396271393156e-08,1.7371352545894533e-08,1.443609069203291e-08
ARFIMA,3.7199467706430045e-08,4.708914586035285e-08,6.227083758357024e-08,3.5619291938240283e-08,2.9023842740332887e-08,6.709593208241419e-08,1.7911429084642158e-08,1.5131715305381948e-08
HAR,3.401004031256013e-08,4.2301334732356806e-08,6.029794703349323e-08,3.118409444685606e-08,2.6067499193828976e-08,6.387830428865844e-08,1.6842016983538763e-08,1.340002714957685e-08
LogHAR,3.07154077715626e-08,3.9647416027805595e-08,5.710687489239154e-08,3.11945401848944e-08,2.5025329302529808e-08,5.941168053145762e-08,1.634578093092201e-08,1.321511402277101e-08
GBRT,4.130230158483118e-08,5.12161889159935e-08,6.307452826511065e-08,3.231659967905991e-08,2.675891810075566e-08,6.31470383514305e-08,2.008347275035406e-08,1.5811695688189462e-08
