,.SPX,.DJI,.FTSE,.GDAXI,.FCHI,.STOXX50E,.N225,.HSI,avg_QLIKE,avg_rank,MCS_count
Combo,0.2051181676108214,0.21742524389949264,0.2188043023497651,0.1538242478960724,0.14728221515125442,0.2003096373265515,0.19730183659506403,0.14509467100215978,0.18564504022889766,1.375,7
LogHAR,0.20597535974702488,0.22239651018898432,0.22055676675522184,0.15420268064976708,0.14720462271198165,0.20602438682356666,0.19453184691326086,0.14186663439378025,0.18659485102294843,1.625,7
XGB-enriched,0.2186194999746674,0.22676433446927824,0.22224319606515766,0.16311952012298372,0.15035451996165303,0.21406427744769305,0.2066280282765953,0.15961784545667923,0.19517640272183845,3.0,3
LGBM-enriched,0.2334295552959621,0.24227889301633287,0.24209679909995005,0.16685315179172497,0.161984644962454,0.2213128647665174,0.21920418408981016,0.1626975805237633,0.2062322091933144,4.25,0
LGBM-plain,0.23594135012937734,0.2536785066307169,0.24665937822960646,0.16748000675851593,0.16652006505695702,0.23583156231878105,0.21801336547201491,0.1606164171049891,0.21059258146261983,4.75,0
