,.SPX,.DJI,.FTSE,.GDAXI,.FCHI,.STOXX50E,.N225,.HSI,avg_QLIKE,avg_rank,MCS_count
LogHAR,0.27863319673508113,0.27388632121467843,0.19172998344360395,0.17253179215793324,0.17281577324038508,0.20418242359040684,0.19209848960985218,0.09085642281424777,0.19709180035077356,1.125,8
Combo,0.311659149134557,0.29903740063683665,0.1964299286509581,0.18547069307594677,0.1730924224007456,0.201191596124221,0.1946018111507876,0.09782610201061694,0.20741363789808373,1.875,4
LGBM-plain,0.3388488811742988,0.3249092396052107,0.2153257184246745,0.19611972598198918,0.1956101630684025,0.22972181005645537,0.22366410140556678,0.1146152136633561,0.22985185667249422,3.625,0
XGB-enriched,0.37538424274864224,0.3591895750370054,0.21875821826745848,0.19786948028178505,0.1864274616462717,0.21095222998747576,0.21714388743200566,0.1175153837141239,0.235405059889346,3.625,0
LGBM-enriched,0.4050045857281561,0.37234734695886695,0.23402843715650495,0.21505933172959715,0.1927171069504858,0.21992948800281178,0.2285084484505651,0.12079577399038313,0.24854881487092137,4.75,0
