,.SPX,.DJI,.FTSE,.GDAXI,.FCHI,.STOXX50E,.N225,.HSI,avg_QLIKE,avg_rank,MCS_count
LogHAR,0.17652522212639002,0.1759851876519001,0.14890217169771794,0.11401445223399127,0.11012946101960956,0.14183185089198813,0.16151748619001285,0.0916213018540586,0.14006589170820857,1.25,8
Combo,0.18301265318628054,0.17875555141644864,0.14774020507018615,0.11506164009586752,0.11144388135373118,0.1407042399819691,0.16340988020993025,0.09632091580117152,0.1420561208894481,1.75,6
XGB-enriched,0.2058101135848365,0.21858473341817455,0.1549487940172962,0.12103678157489435,0.11916637989213522,0.14644143391119582,0.17826296890958465,0.10499251758923234,0.1561554653621687,3.25,0
LGBM-plain,0.20718408684202796,0.20993384624539002,0.1673740094996928,0.12247644955020694,0.12535597902778636,0.1564194401555877,0.1827872881905426,0.1062186388001077,0.15971871728891776,3.875,0
LGBM-enriched,0.2258984109815491,0.21150916737399297,0.17128964652480913,0.12951597527591188,0.12539106505553954,0.15681912878562945,0.1862593634175902,0.11293045144351488,0.16495165110731713,4.875,0
