{
  "end_date": "2026-06-23",
  "days": 20,
  "intervals": [
    1,
    2,
    3,
    5,
    10,
    15,
    20,
    30,
    60
  ],
  "mean_rv": [
    0.000787355764544026,
    0.000805104233017123,
    0.0007971123153033752,
    0.0007557345285009141,
    0.0007144727651671212,
    0.0007182638585310162,
    0.000709181217078158,
    0.0006695004305913971,
    0.0007247170235582238
  ],
  "rk": 0.0006995646170202829
}