{
  "n_origins": 4550,
  "proxy": "squared daily return (percent^2)",
  "min_train": 1000,
  "refit_every": 22,
  "qlike": {
    "GARCH": 1.7536062337499843,
    "GJR-GARCH": 1.7205240901469927,
    "RiskMetrics": 1.800148535029168,
    "Constant": 2.355099914241452
  },
  "mse_var": {
    "GARCH": 24.136251343672654,
    "GJR-GARCH": 23.236260500200117,
    "RiskMetrics": 25.612112030692362,
    "Constant": 32.696357528069186
  },
  "mcs_included": [
    "GJR-GARCH"
  ],
  "mcs_pvalues": {
    "Constant": 0.0,
    "RiskMetrics": 0.0,
    "GARCH": 0.0055,
    "GJR-GARCH": 1.0
  },
  "dm_vs_garch": {
    "GJR-GARCH": {
      "mean_diff": -0.03308214360299154,
      "dm_stat": -3.2614800901702257,
      "p_value": 0.0011164940515748828,
      "favored": -1.0,
      "n": 4550.0
    },
    "RiskMetrics": {
      "mean_diff": 0.04654230127918383,
      "dm_stat": 4.0153978641572685,
      "p_value": 6.030191735455635e-05,
      "favored": 1.0,
      "n": 4550.0
    },
    "Constant": {
      "mean_diff": 0.6014936804914673,
      "dm_stat": 12.323527334897612,
      "p_value": 2.3770035379647317e-34,
      "favored": 1.0,
      "n": 4550.0
    }
  },
  "note": "Track 2 is NOT comparable to Track 1 (different series/period/proxy)."
}