{
  "horizons": [
    1,
    5
  ],
  "by_horizon": {
    "1": [
      {
        "target": ".SPX",
        "n_obs": 4834,
        "n_origins": 4333,
        "mean_qlike": {
          "LogHAR": 0.2116446678281531,
          "CrossHAR": 0.20803880656860388,
          "RW": 0.29721974623675934
        },
        "pct_improvement": 1.7037335721951872,
        "mcs_included": [
          "CrossHAR"
        ],
        "dm_crosshar_vs_loghar": {
          "mean_diff": -0.003605861259549192,
          "dm_stat": -2.9472635203629918,
          "p_value": 0.0032231047465200936,
          "favored": -1.0,
          "n": 4333.0
        },
        "crosshar_beats_loghar": true,
        "cw_crosshar_vs_loghar": {
          "mean_adj": 4.729695168600469e-10,
          "cw_stat": 1.0407233131160216,
          "p_value": 0.14900199005689876,
          "favors_unrestricted": 1.0,
          "n": 4333.0
        },
        "crosshar_improves_cw": false
      },
      {
        "target": ".DJI",
        "n_obs": 4834,
        "n_origins": 4333,
        "mean_qlike": {
          "LogHAR": 0.22960783792864267,
          "CrossHAR": 0.22024188165445768,
          "RW": 0.3335705704686239
        },
        "pct_improvement": 4.079109998455598,
        "mcs_included": [
          "CrossHAR"
        ],
        "dm_crosshar_vs_loghar": {
          "mean_diff": -0.00936595627418498,
          "dm_stat": -4.508435448175863,
          "p_value": 6.703223429541514e-06,
          "favored": -1.0,
          "n": 4333.0
        },
        "crosshar_beats_loghar": true,
        "cw_crosshar_vs_loghar": {
          "mean_adj": 1.1887220846387259e-09,
          "cw_stat": 2.1083037212978497,
          "p_value": 0.01750236313852184,
          "favors_unrestricted": 1.0,
          "n": 4333.0
        },
        "crosshar_improves_cw": true
      },
      {
        "target": ".FTSE",
        "n_obs": 4834,
        "n_origins": 4333,
        "mean_qlike": {
          "LogHAR": 0.21897905433167136,
          "CrossHAR": 0.2013208019599083,
          "RW": 0.3140156219507972
        },
        "pct_improvement": 8.063900187009395,
        "mcs_included": [
          "CrossHAR"
        ],
        "dm_crosshar_vs_loghar": {
          "mean_diff": -0.017658252371763047,
          "dm_stat": -4.7864997146654185,
          "p_value": 1.7537065433101006e-06,
          "favored": -1.0,
          "n": 4333.0
        },
        "crosshar_beats_loghar": true,
        "cw_crosshar_vs_loghar": {
          "mean_adj": 4.170125135631384e-09,
          "cw_stat": 2.93734019005087,
          "p_value": 0.0016552037095097776,
          "favors_unrestricted": 1.0,
          "n": 4333.0
        },
        "crosshar_improves_cw": true
      },
      {
        "target": ".GDAXI",
        "n_obs": 4834,
        "n_origins": 4333,
        "mean_qlike": {
          "LogHAR": 0.14851163348411292,
          "CrossHAR": 0.14385097958781679,
          "RW": 0.19995333715665295
        },
        "pct_improvement": 3.138241622528992,
        "mcs_included": [
          "CrossHAR"
        ],
        "dm_crosshar_vs_loghar": {
          "mean_diff": -0.004660653896296085,
          "dm_stat": -3.386467927833818,
          "p_value": 0.0007142899612493976,
          "favored": -1.0,
          "n": 4333.0
        },
        "crosshar_beats_loghar": true,
        "cw_crosshar_vs_loghar": {
          "mean_adj": 2.738675311616112e-09,
          "cw_stat": 2.4822182014772505,
          "p_value": 0.006528364754669498,
          "favors_unrestricted": 1.0,
          "n": 4333.0
        },
        "crosshar_improves_cw": true
      },
      {
        "target": ".FCHI",
        "n_obs": 4834,
        "n_origins": 4333,
        "mean_qlike": {
          "LogHAR": 0.1391525646327721,
          "CrossHAR": 0.134117427651522,
          "RW": 0.18275374274336934
        },
        "pct_improvement": 3.6184291640890605,
        "mcs_included": [
          "CrossHAR"
        ],
        "dm_crosshar_vs_loghar": {
          "mean_diff": -0.005035136981250131,
          "dm_stat": -4.427885083428078,
          "p_value": 9.750567098699954e-06,
          "favored": -1.0,
          "n": 4333.0
        },
        "crosshar_beats_loghar": true,
        "cw_crosshar_vs_loghar": {
          "mean_adj": 1.7229517481180908e-09,
          "cw_stat": 2.210597727854604,
          "p_value": 0.013531853123512082,
          "favors_unrestricted": 1.0,
          "n": 4333.0
        },
        "crosshar_improves_cw": true
      },
      {
        "target": ".STOXX50E",
        "n_obs": 4834,
        "n_origins": 4333,
        "mean_qlike": {
          "LogHAR": 0.17921097580082135,
          "CrossHAR": 0.1678233767080751,
          "RW": 0.23876927854741148
        },
        "pct_improvement": 6.35429780004248,
        "mcs_included": [
          "CrossHAR"
        ],
        "dm_crosshar_vs_loghar": {
          "mean_diff": -0.011387599092746297,
          "dm_stat": -5.409837246624406,
          "p_value": 6.648430394198536e-08,
          "favored": -1.0,
          "n": 4333.0
        },
        "crosshar_beats_loghar": true,
        "cw_crosshar_vs_loghar": {
          "mean_adj": 6.9891201534097055e-09,
          "cw_stat": 3.5753516174843725,
          "p_value": 0.00017487875195280116,
          "favors_unrestricted": 1.0,
          "n": 4333.0
        },
        "crosshar_improves_cw": true
      },
      {
        "target": ".N225",
        "n_obs": 4834,
        "n_origins": 4333,
        "mean_qlike": {
          "LogHAR": 0.20119463604688018,
          "CrossHAR": 0.19179728931008097,
          "RW": 0.2809769511604325
        },
        "pct_improvement": 4.670773993502261,
        "mcs_included": [
          "CrossHAR"
        ],
        "dm_crosshar_vs_loghar": {
          "mean_diff": -0.009397346736799218,
          "dm_stat": -4.360746907022403,
          "p_value": 1.3262938657063014e-05,
          "favored": -1.0,
          "n": 4333.0
        },
        "crosshar_beats_loghar": true,
        "cw_crosshar_vs_loghar": {
          "mean_adj": 1.5656685561270699e-09,
          "cw_stat": 3.0584870020273685,
          "p_value": 0.0011122886470133397,
          "favors_unrestricted": 1.0,
          "n": 4333.0
        },
        "crosshar_improves_cw": true
      },
      {
        "target": ".HSI",
        "n_obs": 4834,
        "n_origins": 4333,
        "mean_qlike": {
          "LogHAR": 0.1441723238260952,
          "CrossHAR": 0.13892563651036324,
          "RW": 0.2082235672530949
        },
        "pct_improvement": 3.639177878592477,
        "mcs_included": [
          "CrossHAR"
        ],
        "dm_crosshar_vs_loghar": {
          "mean_diff": -0.005246687315731994,
          "dm_stat": -2.956787247856162,
          "p_value": 0.0031254081643092343,
          "favored": -1.0,
          "n": 4333.0
        },
        "crosshar_beats_loghar": true,
        "cw_crosshar_vs_loghar": {
          "mean_adj": 5.295256984386521e-10,
          "cw_stat": 2.2888818348033206,
          "p_value": 0.011043109485855556,
          "favors_unrestricted": 1.0,
          "n": 4333.0
        },
        "crosshar_improves_cw": true
      }
    ],
    "5": [
      {
        "target": ".SPX",
        "n_obs": 4834,
        "n_origins": 4329,
        "mean_qlike": {
          "LogHAR": 0.19215796464210483,
          "CrossHAR": 0.18750879348196378,
          "RW": 0.3515622113253459
        },
        "pct_improvement": 2.419452750137186,
        "mcs_included": [
          "CrossHAR"
        ],
        "dm_crosshar_vs_loghar": {
          "mean_diff": -0.004649171160141032,
          "dm_stat": -2.6255591662777333,
          "p_value": 0.008681120765477264,
          "favored": -1.0,
          "n": 4329.0
        },
        "crosshar_beats_loghar": true,
        "cw_crosshar_vs_loghar": {
          "mean_adj": 2.929899285455282e-10,
          "cw_stat": 0.6414480277347272,
          "p_value": 0.260615818723319,