{
  "aggregate": {
    "buy_hold": {
      "mean_net_sharpe": 0.18504539917824217,
      "mean_max_drawdown": -0.6190799313225213,
      "mean_ann_vol": 0.21096452370773314,
      "mean_ann_return": 0.03829802486634291
    },
    "vol_target": {
      "mean_net_sharpe": 0.13927857786697417,
      "mean_max_drawdown": -0.40338033934746387,
      "mean_ann_vol": 0.12403309020795543,
      "mean_ann_return": 0.017671618846636036
    },
    "vol_target_plus_overlay": {
      "mean_net_sharpe": 0.03263475877325066,
      "mean_max_drawdown": -0.3964029017261514,
      "mean_ann_vol": 0.11151389050634214,
      "mean_ann_return": 0.0040386536583806995
    }
  },
  "model_forecast_comparison": {
    "LogHAR": 0.13927857786697417,
    "RW": -0.021244901144198802,
    "EWMA": 0.21703272237223226
  },
  "per_ticker": {
    ".SPX": {
      "buy_hold": {
        "gross_sharpe": 0.3431863324262508,
        "net_sharpe": 0.3431863324262508,
        "ann_return": 0.06633470405261273,
        "ann_vol": 0.19329063480949596,
        "max_drawdown": -0.6084634085950794,
        "turnover": 0.0,
        "avg_leverage": 1.0,
        "bh_sharpe": 0.3431863324262508,
        "bh_ann_vol": 0.19329063480949596,
        "bh_max_drawdown": -0.6084634085950794
      },
      "vol_target": {
        "gross_sharpe": 0.5056407094152631,
        "net_sharpe": 0.4032485820301182,
        "ann_return": 0.04732942944180764,
        "ann_vol": 0.11737035553487118,
        "max_drawdown": -0.31179095761532405,
        "turnover": 0.09536183594792244,
        "avg_leverage": 0.9325181763371071,
        "bh_sharpe": 0.3431863324262508,
        "bh_ann_vol": 0.19329063480949596,
        "bh_max_drawdown": -0.6084634085950794
      },
      "vol_target_plus_overlay": {
        "gross_sharpe": 0.5272114412551422,
        "net_sharpe": 0.31520644405996123,
        "ann_return": 0.03308086559908382,
        "ann_vol": 0.10494983913714308,
        "max_drawdown": -0.2735932635772901,
        "turnover": 0.17652652743200145,
        "avg_leverage": 0.849762572528209,
        "bh_sharpe": 0.3431863324262508,
        "bh_ann_vol": 0.19329063480949596,
        "bh_max_drawdown": -0.6084634085950794
      }
    },
    ".DJI": {
      "buy_hold": {
        "gross_sharpe": 0.32685469673102685,
        "net_sharpe": 0.32685469673102685,
        "ann_return": 0.060706616617690744,
        "ann_vol": 0.18572967506612592,
        "max_drawdown": -0.5747777313404098,
        "turnover": 0.0,
        "avg_leverage": 1.0,
        "bh_sharpe": 0.32685469673102685,
        "bh_ann_vol": 0.18572967506612592,
        "bh_max_drawdown": -0.5747777313404098
      },
      "vol_target": {
        "gross_sharpe": 0.4827881743217657,
        "net_sharpe": 0.38935459916169196,
        "ann_return": 0.04314333449338248,
        "ann_vol": 0.11080730672315965,
        "max_drawdown": -0.3093206206705,
        "turnover": 0.08216179053282804,
        "avg_leverage": 0.8947344211051603,
        "bh_sharpe": 0.32685469673102685,
        "bh_ann_vol": 0.18572967506612592,
        "bh_max_drawdown": -0.5747777313404098
      },
      "vol_target_plus_overlay": {
        "gross_sharpe": 0.5004165431956533,
        "net_sharpe": 0.2908661805202734,
        "ann_return": 0.028811981645181894,
        "ann_vol": 0.0990557980774726,
        "max_drawdown": -0.25792133696059605,
        "turnover": 0.1647185008154998,
        "avg_leverage": 0.8149190314986193,
        "bh_sharpe": 0.32685469673102685,
        "bh_ann_vol": 0.18572967506612592,
        "bh_max_drawdown": -0.5747777313404098
      }
    },
    ".FTSE": {
      "buy_hold": {
        "gross_sharpe": 0.09675012144333928,
        "net_sharpe": 0.09675012144333928,
        "ann_return": 0.017719490337511964,
        "ann_vol": 0.18314695705978212,
        "max_drawdown": -0.5197363519762314,
        "turnover": 0.0,
        "avg_leverage": 1.0,
        "bh_sharpe": 0.09675012144333928,
        "bh_ann_vol": 0.18314695705978212,
        "bh_max_drawdown": -0.5197363519762314
      },
      "vol_target": {
        "gross_sharpe": -0.001027557699722897,
        "net_sharpe": -0.08729844292535438,
        "ann_return": -0.009345711562216197,
        "ann_vol": 0.10705473372769506,
        "max_drawdown": -0.41626248568318486,
        "turnover": 0.073299305518842,
        "avg_leverage": 0.7986616942104493,
        "bh_sharpe": 0.09675012144333928,
        "bh_ann_vol": 0.18314695705978212,
        "bh_max_drawdown": -0.5197363519762314
      },
      "vol_target_plus_overlay": {
        "gross_sharpe": -0.034885384749271116,
        "net_sharpe": -0.2443707792386399,
        "ann_return": -0.02355018175737379,
        "ann_vol": 0.09637069469085703,
        "max_drawdown": -0.4748753346577116,
        "turnover": 0.1602250776445064,
        "avg_leverage": 0.7228367094141582,
        "bh_sharpe": 0.09675012144333928,
        "bh_ann_vol": 0.18314695705978212,
        "bh_max_drawdown": -0.5197363519762314
      }
    },
    ".GDAXI": {
      "buy_hold": {
        "gross_sharpe": 0.23214784871365363,
        "net_sharpe": 0.23214784871365363,
        "ann_return": 0.05261047567882291,
        "ann_vol": 0.2266248684635287,
        "max_drawdown": -0.6279737524108713,
        "turnover": 0.0,
        "avg_leverage": 1.0,
        "bh_sharpe": 0.23214784871365363,
        "bh_ann_vol": 0.2266248684635287,
        "bh_max_drawdown": -0.6279737524108713
      },
      "vol_target": {
        "gross_sharpe": 0.2752836118062558,
        "net_sharpe": 0.21125999563939613,
        "ann_return": 0.02558983736081193,
        "ann_vol": 0.12112959334000806,
        "max_drawdown": -0.340378548017148,
        "turnover": 0.061535818219664876,
        "avg_leverage": 0.7221820014005816,
        "bh_sharpe": 0.23214784871365363,
        "bh_ann_vol": 0.2266248684635287,
        "bh_max_drawdown": -0.6279737524108713
      },
      "vol_target_plus_overlay": {
        "gross_sharpe": 0.3136925595896599,
        "net_sharpe": 0.1681976435127635,
        "ann_return": 0.018396975849076246,
        "ann_vol": 0.10937713195536065,
        "max_drawdown": -0.288631104207755,
        "turnover": 0.12626735885690407,
        "avg_leverage": 0.65902499432518,
        "bh_sharpe": 0.23214784871365363,
        "bh_ann_vol": 0.2266248684635287,
        "bh_max_drawdown": -0.6279737524108713
      }
    },
    ".FCHI": {
      "buy_hold": {
        "gross_sharpe": 0.08384896695533539,
        "net_sharpe": 0.08384896695533539,
        "ann_return": 0.01851653494228862,
        "ann_vol": 0.22083199846877058,
        "max_drawdown": -0.6291068692265647,
        "turnover": 0.0,
        "avg_leverage": 1.0,
        "bh_sharpe": 0.08384896695533539,
        "bh_ann_vol": 0.22083199846877058,
        "bh_max_drawdown": -0.6291068692265647
      },
      "vol_target": {
        "gross_sharpe": 0.04340884543355988,
        "net_sharpe": -0.024737916229939413,
        "ann_return": -0.0030418176289655095,
        "ann_vol": 0.12296175638609798,
        "max_drawdown": -0.46007191933252994,
        "turnover": 0.06650240298841466,
        "avg_leverage": 0.7590060182613788,
        "bh_sharpe": 0.08384896695533539,
        "bh_ann_vol": 0.22083199846877058,
        "bh_max_drawdown": -0.6291068692265647
      },
      "vol_target_plus_overlay": {
        "gross_sharpe": -0.01863404052157494,
        "net_sharpe": -0.18093151066346996,
        "ann_return": -0.01977478698499476,
        "ann_vol": 0.10929432309762549,
        "max_drawdown": -0.49994057072488685,
        "turnover": 0.14077977163687816,
        "avg_leverage": 0.6874230314172661,
        "bh_sharpe": 0.08384896695533539,
        "bh_ann_vol": 0.22083199846877058,
        "bh_max_drawdown": -0.6291068692265647
      }
    },
    ".STOXX50E": {
      "buy_hold": {
        "gross_sharpe": 0.015843913224731523,
        "net_sharpe": 0.015843913224731523,
        "ann_return": 0.0035387031686867887,
        "ann_vol": 0.22334780041354038,