{
  "aggregate": {
    "buy_hold": {
      "mean_net_sharpe": 0.18504539917824217,
      "mean_max_drawdown": -0.6190799313225213,
      "mean_ann_vol": 0.21096452370773314,
      "mean_ann_return": 0.03829802486634291
    },
    "vol_target": {
      "mean_net_sharpe": 0.13927857786697398,
      "mean_max_drawdown": -0.40338033934746387,
      "mean_ann_vol": 0.12403309020795544,
      "mean_ann_return": 0.017671618846636
    },
    "vol_target_plus_overlay": {
      "mean_net_sharpe": 0.03263475877325049,
      "mean_max_drawdown": -0.3964029017261509,
      "mean_ann_vol": 0.11151389050634214,
      "mean_ann_return": 0.004038653658380673
    }
  },
  "model_forecast_comparison": {
    "LogHAR": 0.13927857786697398,
    "RW": -0.021244901144198802,
    "EWMA": 0.21703272237223226
  },
  "per_ticker": {
    ".SPX": {
      "buy_hold": {
        "gross_sharpe": 0.3431863324262508,
        "net_sharpe": 0.3431863324262508,
        "ann_return": 0.06633470405261273,
        "ann_vol": 0.19329063480949596,
        "max_drawdown": -0.6084634085950794,
        "turnover": 0.0,
        "avg_leverage": 1.0,
        "bh_sharpe": 0.3431863324262508,
        "bh_ann_vol": 0.19329063480949596,
        "bh_max_drawdown": -0.6084634085950794
      },
      "vol_target": {
        "gross_sharpe": 0.5056407094152625,
        "net_sharpe": 0.4032485820301175,
        "ann_return": 0.04732942944180755,
        "ann_vol": 0.11737035553487117,
        "max_drawdown": -0.31179095761532377,
        "turnover": 0.09536183594792244,
        "avg_leverage": 0.9325181763371071,
        "bh_sharpe": 0.3431863324262508,
        "bh_ann_vol": 0.19329063480949596,
        "bh_max_drawdown": -0.6084634085950794,
        "sharpe_pp": 0.02540227296645525,
        "psr": 0.9634716623838777
      },
      "vol_target_plus_overlay": {
        "gross_sharpe": 0.5272114412551416,
        "net_sharpe": 0.31520644405996046,
        "ann_return": 0.033080865599083735,
        "ann_vol": 0.10494983913714306,
        "max_drawdown": -0.27359326357729075,
        "turnover": 0.17652652743200145,
        "avg_leverage": 0.8497625725282089,
        "bh_sharpe": 0.3431863324262508,
        "bh_ann_vol": 0.19329063480949596,
        "bh_max_drawdown": -0.6084634085950794,
        "sharpe_pp": 0.01985613958637257,
        "psr": 0.9197640122484677
      }
    },
    ".DJI": {
      "buy_hold": {
        "gross_sharpe": 0.32685469673102685,
        "net_sharpe": 0.32685469673102685,
        "ann_return": 0.060706616617690744,
        "ann_vol": 0.18572967506612592,
        "max_drawdown": -0.5747777313404098,
        "turnover": 0.0,
        "avg_leverage": 1.0,
        "bh_sharpe": 0.32685469673102685,
        "bh_ann_vol": 0.18572967506612592,
        "bh_max_drawdown": -0.5747777313404098
      },
      "vol_target": {
        "gross_sharpe": 0.48278817432176657,
        "net_sharpe": 0.3893545991616926,
        "ann_return": 0.04314333449338255,
        "ann_vol": 0.11080730672315964,
        "max_drawdown": -0.30932062067050037,
        "turnover": 0.08216179053282802,
        "avg_leverage": 0.8947344211051602,
        "bh_sharpe": 0.32685469673102685,
        "bh_ann_vol": 0.18572967506612592,
        "bh_max_drawdown": -0.5747777313404098,
        "sharpe_pp": 0.024527034314311344,
        "psr": 0.9583913937406091
      },
      "vol_target_plus_overlay": {
        "gross_sharpe": 0.500416543195654,
        "net_sharpe": 0.29086618052027413,
        "ann_return": 0.028811981645181967,
        "ann_vol": 0.0990557980774726,
        "max_drawdown": -0.2579213369605935,
        "turnover": 0.16471850081549974,
        "avg_leverage": 0.8149190314986193,
        "bh_sharpe": 0.32685469673102685,
        "bh_ann_vol": 0.18572967506612592,
        "bh_max_drawdown": -0.5747777313404098,
        "sharpe_pp": 0.018322847106092027,
        "psr": 0.9026217751664187
      }
    },
    ".FTSE": {
      "buy_hold": {
        "gross_sharpe": 0.09675012144333928,
        "net_sharpe": 0.09675012144333928,
        "ann_return": 0.017719490337511964,
        "ann_vol": 0.18314695705978212,
        "max_drawdown": -0.5197363519762314,
        "turnover": 0.0,
        "avg_leverage": 1.0,
        "bh_sharpe": 0.09675012144333928,
        "bh_ann_vol": 0.18314695705978212,
        "bh_max_drawdown": -0.5197363519762314
      },
      "vol_target": {
        "gross_sharpe": -0.0010275576997234043,
        "net_sharpe": -0.08729844292535485,
        "ann_return": -0.009345711562216249,
        "ann_vol": 0.10705473372769507,
        "max_drawdown": -0.4162624856831863,
        "turnover": 0.07329930551884195,
        "avg_leverage": 0.7986616942104493,
        "bh_sharpe": 0.09675012144333928,
        "bh_ann_vol": 0.18314695705978212,
        "bh_max_drawdown": -0.5197363519762314,
        "sharpe_pp": -0.005499284995801308,
        "psr": 0.3473294724526157
      },
      "vol_target_plus_overlay": {
        "gross_sharpe": -0.0348853847492715,
        "net_sharpe": -0.2443707792386402,
        "ann_return": -0.023550181757373823,
        "ann_vol": 0.09637069469085704,
        "max_drawdown": -0.4748753346577103,
        "turnover": 0.1602250776445063,
        "avg_leverage": 0.7228367094141583,
        "bh_sharpe": 0.09675012144333928,
        "bh_ann_vol": 0.18314695705978212,
        "bh_max_drawdown": -0.5197363519762314,
        "sharpe_pp": -0.01539391213229781,
        "psr": 0.1354731754112778
      }
    },
    ".GDAXI": {
      "buy_hold": {
        "gross_sharpe": 0.23214784871365363,
        "net_sharpe": 0.23214784871365363,
        "ann_return": 0.05261047567882291,
        "ann_vol": 0.2266248684635287,
        "max_drawdown": -0.6279737524108713,
        "turnover": 0.0,
        "avg_leverage": 1.0,
        "bh_sharpe": 0.23214784871365363,
        "bh_ann_vol": 0.2266248684635287,
        "bh_max_drawdown": -0.6279737524108713
      },
      "vol_target": {
        "gross_sharpe": 0.2752836118062556,
        "net_sharpe": 0.2112599956393961,
        "ann_return": 0.025589837360811926,
        "ann_vol": 0.12112959334000806,
        "max_drawdown": -0.340378548017148,
        "turnover": 0.06153581821966485,
        "avg_leverage": 0.7221820014005816,
        "bh_sharpe": 0.23214784871365363,
        "bh_ann_vol": 0.2266248684635287,
        "bh_max_drawdown": -0.6279737524108713,
        "sharpe_pp": 0.013308128819962664,
        "psr": 0.8285842075807748
      },
      "vol_target_plus_overlay": {
        "gross_sharpe": 0.3136925595896598,
        "net_sharpe": 0.1681976435127635,
        "ann_return": 0.018396975849076246,
        "ann_vol": 0.10937713195536065,
        "max_drawdown": -0.28863110420775534,
        "turnover": 0.12626735885690407,
        "avg_leverage": 0.65902499432518,
        "bh_sharpe": 0.23214784871365363,
        "bh_ann_vol": 0.2266248684635287,
        "bh_max_drawdown": -0.6279737524108713,
        "sharpe_pp": 0.010595455615282587,
        "psr": 0.775130642057624
      }
    },
    ".FCHI": {
      "buy_hold": {
        "gross_sharpe": 0.08384896695533539,
        "net_sharpe": 0.08384896695533539,
        "ann_return": 0.01851653494228862,
        "ann_vol": 0.22083199846877058,
        "max_drawdown": -0.6291068692265647,
        "turnover": 0.0,
        "avg_leverage": 1.0,
        "bh_sharpe": 0.08384896695533539,
        "bh_ann_vol": 0.22083199846877058,
        "bh_max_drawdown": -0.6291068692265647
      },
      "vol_target": {
        "gross_sharpe": 0.043408845433560266,
        "net_sharpe": -0.024737916229939014,
        "ann_return": -0.0030418176289654614,
        "ann_vol": 0.12296175638609802,
        "max_drawdown": -0.46007191933252656,
        "turnover": 0.06650240298841464,
        "avg_leverage": 0.7590060182613788,
        "bh_sharpe": 0.08384896695533539,
        "bh_ann_vol": 0.22083199846877058,
        "bh_max_drawdown": -0.6291068692265647,
        "sharpe_pp": -0.0015583422451992182,
        "psr": 0.4554633544170827
      },