{
  "tickers": [
    ".SPX",
    ".DJI",
    ".FTSE",
    ".GDAXI",
    ".FCHI",
    ".STOXX50E",
    ".N225",
    ".HSI"
  ],
  "horizons": [
    1,
    5,
    22
  ],
  "meta": {
    "seed": 0,
    "mcs_reps": 2000,
    "block_floor": "max(block_length, horizon + 2)",
    "git_sha": "9ee7dce",
    "packages": {
      "numpy": "2.0.2",
      "scipy": "1.13.1",
      "pandas": "2.3.3",
      "scikit-learn": "1.6.1",
      "statsmodels": "0.14.6",
      "arch": "7.2.0"
    }
  },
  "by_horizon": {
    "1": {
      "avg_rank": {
        "RW": 7.75,
        "HistMean": 8.875,
        "MA22": 7.0,
        "EWMA": 5.875,
        "AR1Log": 5.5,
        "ARFIMA": 2.75,
        "HAR": 3.375,
        "LogHAR": 1.125,
        "GBRT": 2.75
      },
      "avg_qlike": {
        "RW": 0.4677110264990317,
        "HistMean": 0.651054586227195,
        "MA22": 0.2617734316339518,
        "EWMA": 0.2437208374426153,
        "AR1Log": 0.23868634894704038,
        "ARFIMA": 0.1969666602009595,
        "HAR": 0.19833916022138653,
        "LogHAR": 0.18659485102294843,
        "GBRT": 0.19600576253526417
      },
      "mcs_count": {
        "RW": 0,
        "HistMean": 0,
        "MA22": 0,
        "EWMA": 0,
        "AR1Log": 0,
        "ARFIMA": 0,
        "HAR": 2,
        "LogHAR": 8,
        "GBRT": 1
      },
      "dm_beats_har": {
        "RW": 0,
        "HistMean": 0,
        "MA22": 0,
        "EWMA": 0,
        "AR1Log": 0,
        "ARFIMA": 4,
        "HAR": 0,
        "LogHAR": 6,
        "GBRT": 2
      },
      "dm_loses_har": {
        "RW": 7,
        "HistMean": 8,
        "MA22": 8,
        "EWMA": 8,
        "AR1Log": 8,
        "ARFIMA": 1,
        "HAR": 0,
        "LogHAR": 0,
        "GBRT": 1
      },
      "mz_best": {
        ".SPX": {
          "model": "LogHAR",
          "alpha": -2.929798180677191e-06,
          "beta": 1.0693041082985832,
          "r2": 0.5746989028461048,
          "p_alpha": 0.6098063947751,
          "p_beta": 0.3466956070136744,
          "p_joint": 0.20608643593160533,
          "n": 5051.0
        },
        ".DJI": {
          "model": "LogHAR",
          "alpha": -5.0429250166608675e-06,
          "beta": 1.0974455020811908,
          "r2": 0.5162071781019958,
          "p_alpha": 0.40904766540642656,
          "p_beta": 0.20894550285690738,
          "p_joint": 0.20017672483648158,
          "n": 5048.0
        },
        ".FTSE": {
          "model": "LogHAR",
          "alpha": 3.552440753718986e-07,
          "beta": 1.0524457224017296,
          "r2": 0.3672356889359587,
          "p_alpha": 0.9613324690401538,
          "p_beta": 0.5373626121985506,
          "p_joint": 0.07119591126727509,
          "n": 5085.0
        },
        ".GDAXI": {
          "model": "LogHAR",
          "alpha": -4.170899983136283e-06,
          "beta": 1.036475714181981,
          "r2": 0.590552685010131,
          "p_alpha": 0.5228904878794005,
          "p_beta": 0.5238819872839326,
          "p_joint": 0.8135380575776305,
          "n": 5113.0
        },
        ".FCHI": {
          "model": "LogHAR",
          "alpha": -2.6336565384674855e-06,
          "beta": 1.0385061267392852,
          "r2": 0.556535581536167,
          "p_alpha": 0.7367204523585682,
          "p_beta": 0.6107660906780354,
          "p_joint": 0.5600026648326009,
          "n": 5151.0
        },
        ".STOXX50E": {
          "model": "LogHAR",
          "alpha": -2.967910468000594e-06,
          "beta": 1.0119109569792504,
          "r2": 0.452072851396808,
          "p_alpha": 0.7636793166245299,
          "p_beta": 0.8815829387058094,
          "p_joint": 0.752131089223698,
          "n": 5134.0
        },
        ".N225": {
          "model": "LogHAR",
          "alpha": -2.020979896198591e-06,
          "beta": 1.0329990868738101,
          "r2": 0.4626454250355839,
          "p_alpha": 0.700161378964788,
          "p_beta": 0.6247817762308296,
          "p_joint": 0.8407764288723562,
          "n": 4880.0
        },
        ".HSI": {
          "model": "HAR",
          "alpha": 3.5124787101820933e-06,
          "beta": 0.9334844995855046,
          "r2": 0.48175881492701134,
          "p_alpha": 0.6110821845863704,
          "p_beta": 0.4530112876256991,
          "p_joint": 0.32082549119746945,
          "n": 4925.0
        }
      },
      "n_indices": 8
    },
    "5": {
      "avg_rank": {
        "RW": 8.125,
        "HistMean": 8.875,
        "MA22": 6.75,
        "EWMA": 5.625,
        "AR1Log": 5.625,
        "ARFIMA": 2.875,
        "HAR": 3.625,
        "LogHAR": 1.0,
        "GBRT": 2.5
      },
      "avg_qlike": {
        "RW": 0.42650209912786347,
        "HistMean": 0.5517815671247152,
        "MA22": 0.20722758483741527,
        "EWMA": 0.18639655364903704,
        "AR1Log": 0.18446154658980923,
        "ARFIMA": 0.1503651649029623,
        "HAR": 0.1597328484907917,
        "LogHAR": 0.14006589170820857,
        "GBRT": 0.1497936958362916
      },
      "mcs_count": {
        "RW": 0,
        "HistMean": 0,
        "MA22": 0,
        "EWMA": 0,
        "AR1Log": 0,
        "ARFIMA": 1,
        "HAR": 0,
        "LogHAR": 8,
        "GBRT": 2
      },
      "dm_beats_har": {
        "RW": 0,
        "HistMean": 0,
        "MA22": 0,
        "EWMA": 0,
        "AR1Log": 0,
        "ARFIMA": 6,
        "HAR": 0,
        "LogHAR": 8,
        "GBRT": 4
      },
      "dm_loses_har": {
        "RW": 8,
        "HistMean": 8,
        "MA22": 8,
        "EWMA": 6,
        "AR1Log": 4,
        "ARFIMA": 0,
        "HAR": 0,
        "LogHAR": 0,
        "GBRT": 0
      },
      "mz_best": {
        ".SPX": {
          "model": "LogHAR",
          "alpha": 5.670480669918302e-07,
          "beta": 1.0336436579996038,
          "r2": 0.6270354759502841,
          "p_alpha": 0.8954079340940434,
          "p_beta": 0.5447834363031959,
          "p_joint": 0.04339024210748829,
          "n": 5047.0
        },
        ".DJI": {
          "model": "LogHAR",
          "alpha": 2.927157021626178e-09,
          "beta": 1.0433026868885964,
          "r2": 0.5889487214082699,
          "p_alpha": 0.9994990245583507,
          "p_beta": 0.4618178775863687,
          "p_joint": 0.0470709083461509,
          "n": 5044.0
        },
        ".FTSE": {
          "model": "LogHAR",
          "alpha": 2.575378793870641e-06,
          "beta": 1.020465257205424,
          "r2": 0.518528764022085,
          "p_alpha": 0.6297197185552537,
          "p_beta": 0.7292367938513289,
          "p_joint": 0.014303533376826074,
          "n": 5081.0
        },
        ".GDAXI": {
          "model": "LogHAR",
          "alpha": 4.253039944399203e-06,
          "beta": 0.96928362810987,
          "r2": 0.6373635626034604,
          "p_alpha": 0.39042132768184046,
          "p_beta": 0.46446286979423823,
          "p_joint": 0.657715742269505,
          "n": 5109.0
        },
        ".FCHI": {
          "model": "LogHAR",
          "alpha": 2.7285919657477336e-06,
          "beta": 0.9929201421675136,
          "r2": 0.6100606432363663,
          "p_alpha": 0.5100964094131369,
          "p_beta": 0.8664311362037367,
          "p_joint": 0.2156604980371018,
          "n": 5147.0
        },
        ".STOXX50E": {
          "model": "LogHAR",
          "alpha": 4.902792438228658e-06,
          "beta": 0.9850055842727526,
          "r2": 0.5391929424210291,
          "p_alpha": 0.45943306898133185,
          "p_beta": 0.784156757299661,
          "p_joint": 0.17949494333207736,
          "n": 5130.0
        },
        ".N225": {
          "model": "LogHAR",
          "alpha": 5.99680005040692e-07,
          "beta": 0.9867664683069719,
          "r2": 0.5131208117079629,
          "p_alpha": 0.874856216329902,
          "p_beta": 0.7836067080427984,
          "p_joint": 0.8989309534746301,
          "n": 4876.0
        },
        ".HSI": {
          "model": "LogHAR",
          "alpha": 1.8518898115453075e-06,
          "beta": 0.984243323546422,