{
  "tickers": [
    ".SPX",
    ".DJI",
    ".FTSE",
    ".GDAXI",
    ".FCHI",
    ".STOXX50E",
    ".N225",
    ".HSI"
  ],
  "horizons": [
    1,
    5,
    22
  ],
  "by_horizon": {
    "1": {
      "avg_rank": {
        "RW": 6.75,
        "HistMean": 7.875,
        "MA22": 6.0,
        "EWMA": 4.875,
        "AR1Log": 4.5,
        "HAR": 2.625,
        "LogHAR": 1.125,
        "GBRT": 2.25
      },
      "avg_qlike": {
        "RW": 0.4677110264990317,
        "HistMean": 0.651054586227195,
        "MA22": 0.2617734316339518,
        "EWMA": 0.2437208374426153,
        "AR1Log": 0.23868634894704038,
        "HAR": 0.19833916022138653,
        "LogHAR": 0.18659485102294843,
        "GBRT": 0.19600576253526417
      },
      "mcs_count": {
        "RW": 0,
        "HistMean": 0,
        "MA22": 0,
        "EWMA": 0,
        "AR1Log": 0,
        "HAR": 2,
        "LogHAR": 8,
        "GBRT": 1
      },
      "dm_beats_har": {
        "RW": 0,
        "HistMean": 0,
        "MA22": 0,
        "EWMA": 0,
        "AR1Log": 0,
        "HAR": 0,
        "LogHAR": 6,
        "GBRT": 2
      },
      "dm_loses_har": {
        "RW": 7,
        "HistMean": 8,
        "MA22": 8,
        "EWMA": 8,
        "AR1Log": 8,
        "HAR": 0,
        "LogHAR": 0,
        "GBRT": 1
      },
      "mz_best": {
        ".SPX": {
          "model": "LogHAR",
          "alpha": -2.929798180677191e-06,
          "beta": 1.0693041082985832,
          "r2": 0.5746989028461048,
          "p_alpha": 0.2936475151419945,
          "p_beta": 9.012062963392262e-08,
          "p_joint": 1.5386847074555988e-07,
          "n": 5051.0
        },
        ".DJI": {
          "model": "LogHAR",
          "alpha": -5.0429250166608675e-06,
          "beta": 1.0974455020811908,
          "r2": 0.5162071781019958,
          "p_alpha": 0.11378377529674469,
          "p_beta": 7.96060736643428e-11,
          "p_joint": 1.343225364722978e-10,
          "n": 5048.0
        },
        ".FTSE": {
          "model": "LogHAR",
          "alpha": 3.552440753718986e-07,
          "beta": 1.0524457224017296,
          "r2": 0.3672356889359587,
          "p_alpha": 0.9292910992075338,
          "p_beta": 0.006820600603752277,
          "p_joint": 0.004410681738817972,
          "n": 5085.0
        },
        ".GDAXI": {
          "model": "LogHAR",
          "alpha": -4.170899983136283e-06,
          "beta": 1.036475714181981,
          "r2": 0.590552685010131,
          "p_alpha": 0.16877284060986478,
          "p_beta": 0.002527401994653594,
          "p_joint": 0.009395757630176988,
          "n": 5113.0
        },
        ".FCHI": {
          "model": "LogHAR",
          "alpha": -2.6336565384674855e-06,
          "beta": 1.0385061267392852,
          "r2": 0.556535581536167,
          "p_alpha": 0.335044837897278,
          "p_beta": 0.002890579719357562,
          "p_joint": 0.007238322560040014,
          "n": 5151.0
        },
        ".STOXX50E": {
          "model": "LogHAR",
          "alpha": -2.967910468000594e-06,
          "beta": 1.0119109569792504,
          "r2": 0.452072851396808,
          "p_alpha": 0.47640817219371745,
          "p_beta": 0.44375170563686095,
          "p_joint": 0.706164040956584,
          "n": 5134.0
        },
        ".N225": {
          "model": "LogHAR",
          "alpha": -2.020979896198591e-06,
          "beta": 1.0329990868738101,
          "r2": 0.4626454250355839,
          "p_alpha": 0.39057287694231335,
          "p_beta": 0.0384842293391575,
          "p_joint": 0.09979758703586387,
          "n": 4880.0
        },
        ".HSI": {
          "model": "HAR",
          "alpha": 3.5124787101820933e-06,
          "beta": 0.9334844995855046,
          "r2": 0.48175881492701134,
          "p_alpha": 0.08778166055862015,
          "p_beta": 1.4761102582813686e-06,
          "p_joint": 3.1068941400268893e-06,
          "n": 4925.0
        }
      },
      "n_indices": 8
    },
    "5": {
      "avg_rank": {
        "RW": 7.125,
        "HistMean": 7.875,
        "MA22": 5.75,
        "EWMA": 4.625,
        "AR1Log": 4.625,
        "HAR": 2.875,
        "LogHAR": 1.0,
        "GBRT": 2.125
      },
      "avg_qlike": {
        "RW": 0.42650209912786347,
        "HistMean": 0.5517815671247152,
        "MA22": 0.20722758483741527,
        "EWMA": 0.18639655364903704,
        "AR1Log": 0.18446154658980923,
        "HAR": 0.1597328484907917,
        "LogHAR": 0.14006589170820857,
        "GBRT": 0.1497936958362916
      },
      "mcs_count": {
        "RW": 0,
        "HistMean": 0,
        "MA22": 0,
        "EWMA": 0,
        "AR1Log": 0,
        "HAR": 0,
        "LogHAR": 8,
        "GBRT": 2
      },
      "dm_beats_har": {
        "RW": 0,
        "HistMean": 0,
        "MA22": 0,
        "EWMA": 0,
        "AR1Log": 0,
        "HAR": 0,
        "LogHAR": 8,
        "GBRT": 4
      },
      "dm_loses_har": {
        "RW": 8,
        "HistMean": 8,
        "MA22": 8,
        "EWMA": 6,
        "AR1Log": 4,
        "HAR": 0,
        "LogHAR": 0,
        "GBRT": 0
      },
      "mz_best": {
        ".SPX": {
          "model": "LogHAR",
          "alpha": 5.670480669918302e-07,
          "beta": 1.0336436579996038,
          "r2": 0.6270354759502841,
          "p_alpha": 0.803869260638151,
          "p_beta": 0.002734308515846465,
          "p_joint": 0.0014640974978099089,
          "n": 5047.0
        },
        ".DJI": {
          "model": "LogHAR",
          "alpha": 2.927157021626178e-09,
          "beta": 1.0433026868885964,
          "r2": 0.5889487214082699,
          "p_alpha": 0.9990630770690792,
          "p_beta": 0.00042285626149841954,
          "p_joint": 0.00022474465206221748,
          "n": 5044.0
        },
        ".FTSE": {
          "model": "LogHAR",
          "alpha": 2.575378793870641e-06,
          "beta": 1.020465257205424,
          "r2": 0.518528764022085,
          "p_alpha": 0.3447247444897654,
          "p_beta": 0.13807459610882636,
          "p_joint": 0.028686287364222456,
          "n": 5081.0
        },
        ".GDAXI": {
          "model": "LogHAR",
          "alpha": 4.253039944399203e-06,
          "beta": 0.96928362810987,
          "r2": 0.6373635626034604,
          "p_alpha": 0.09016192984656858,
          "p_beta": 0.002692098940301427,
          "p_joint": 0.010982734912342793,
          "n": 5109.0
        },
        ".FCHI": {
          "model": "LogHAR",
          "alpha": 2.7285919657477336e-06,
          "beta": 0.9929201421675136,
          "r2": 0.6100606432363663,
          "p_alpha": 0.22272823701302266,
          "p_beta": 0.5223822280064552,
          "p_joint": 0.47030266002495835,
          "n": 5147.0
        },
        ".STOXX50E": {
          "model": "LogHAR",
          "alpha": 4.902792438228658e-06,
          "beta": 0.9850055842727526,
          "r2": 0.5391929424210291,
          "p_alpha": 0.12144504156576379,
          "p_beta": 0.23838413556938814,
          "p_joint": 0.2878826553623304,
          "n": 5130.0
        },
        ".N225": {
          "model": "LogHAR",
          "alpha": 5.99680005040692e-07,
          "beta": 0.9867664683069719,
          "r2": 0.5131208117079629,
          "p_alpha": 0.7546645365198604,
          "p_beta": 0.33651088064139645,
          "p_joint": 0.5663289374825978,
          "n": 4876.0
        },
        ".HSI": {
          "model": "LogHAR",
          "alpha": 1.8518898115453075e-06,
          "beta": 0.984243323546422,
          "r2": 0.5784207850387442,
          "p_alpha": 0.24921441844969056,
          "p_beta": 0.18851305293450477,
          "p_joint": 0.38910489890011213,
          "n": 4921.0
        }
      },
      "n_indices": 8
    },
    "22": {
      "avg_rank": {
        "RW": 7.5,
        "HistMean": 7.5,
        "MA22": 5.75,
        "EWMA": 3.875,
        "AR1Log": 4.125,
        "HAR": 3.25,
        "LogHAR": 1.0,
        "GBRT": 3.0
      },
      "avg_qlike": {
        "RW": 0.6744855468331414,