{
  "tickers": [
    ".SPX",
    ".DJI",
    ".FTSE",
    ".GDAXI",
    ".FCHI",
    ".STOXX50E",
    ".N225",
    ".HSI"
  ],
  "horizons": [
    1,
    5,
    22
  ],
  "by_horizon": {
    "1": {
      "avg_rank": {
        "RW": 7.75,
        "HistMean": 8.875,
        "MA22": 7.0,
        "EWMA": 5.875,
        "AR1Log": 5.5,
        "ARFIMA": 2.75,
        "HAR": 3.375,
        "LogHAR": 1.125,
        "GBRT": 2.75
      },
      "avg_qlike": {
        "RW": 0.4677110264990317,
        "HistMean": 0.651054586227195,
        "MA22": 0.2617734316339518,
        "EWMA": 0.2437208374426153,
        "AR1Log": 0.23868634894704038,
        "ARFIMA": 0.1969666602009595,
        "HAR": 0.19833916022138653,
        "LogHAR": 0.18659485102294845,
        "GBRT": 0.19600576253526417
      },
      "mcs_count": {
        "RW": 0,
        "HistMean": 0,
        "MA22": 0,
        "EWMA": 0,
        "AR1Log": 0,
        "ARFIMA": 0,
        "HAR": 2,
        "LogHAR": 8,
        "GBRT": 1
      },
      "dm_beats_har": {
        "RW": 0,
        "HistMean": 0,
        "MA22": 0,
        "EWMA": 0,
        "AR1Log": 0,
        "ARFIMA": 4,
        "HAR": 0,
        "LogHAR": 6,
        "GBRT": 2
      },
      "dm_loses_har": {
        "RW": 7,
        "HistMean": 8,
        "MA22": 8,
        "EWMA": 8,
        "AR1Log": 8,
        "ARFIMA": 1,
        "HAR": 0,
        "LogHAR": 0,
        "GBRT": 1
      },
      "mz_best": {
        ".SPX": {
          "model": "LogHAR",
          "alpha": -2.929798180677222e-06,
          "beta": 1.069304108298583,
          "r2": 0.5746989028461049,
          "p_alpha": 0.29364751514198933,
          "p_beta": 9.012062963392889e-08,
          "p_joint": 1.5386847074555742e-07,
          "n": 5051.0
        },
        ".DJI": {
          "model": "LogHAR",
          "alpha": -5.042925016660816e-06,
          "beta": 1.0974455020811895,
          "r2": 0.5162071781019952,
          "p_alpha": 0.11378377529674864,
          "p_beta": 7.960607366438909e-11,
          "p_joint": 1.3432253647237607e-10,
          "n": 5048.0
        },
        ".FTSE": {
          "model": "LogHAR",
          "alpha": 3.5524407537197633e-07,
          "beta": 1.0524457224017292,
          "r2": 0.3672356889359585,
          "p_alpha": 0.9292910992075185,
          "p_beta": 0.006820600603752742,
          "p_joint": 0.00441068173881785,
          "n": 5085.0
        },
        ".GDAXI": {
          "model": "LogHAR",
          "alpha": -4.1708999831362145e-06,
          "beta": 1.0364757141819803,
          "r2": 0.5905526850101315,
          "p_alpha": 0.16877284060987172,
          "p_beta": 0.002527401994654075,
          "p_joint": 0.009395757630177155,
          "n": 5113.0
        },
        ".FCHI": {
          "model": "LogHAR",
          "alpha": -2.633656538467922e-06,
          "beta": 1.0385061267392888,
          "r2": 0.5565355815361657,
          "p_alpha": 0.3350448378971984,
          "p_beta": 0.0028905797193550307,
          "p_joint": 0.007238322560032781,
          "n": 5151.0
        },
        ".STOXX50E": {
          "model": "LogHAR",
          "alpha": -2.9679104680009917e-06,
          "beta": 1.0119109569792537,
          "r2": 0.45207285139680853,
          "p_alpha": 0.4764081721936584,
          "p_beta": 0.44375170563673394,
          "p_joint": 0.7061640409561816,
          "n": 5134.0
        },
        ".N225": {
          "model": "LogHAR",
          "alpha": -2.0209798961986844e-06,
          "beta": 1.0329990868738113,
          "r2": 0.4626454250355837,
          "p_alpha": 0.39057287694229137,
          "p_beta": 0.038484229339151264,
          "p_joint": 0.099797587035783,
          "n": 4880.0
        },
        ".HSI": {
          "model": "HAR",
          "alpha": 3.512478710182126e-06,
          "beta": 0.9334844995855047,
          "r2": 0.48175881492701145,
          "p_alpha": 0.0877816605586171,
          "p_beta": 1.4761102582814118e-06,
          "p_joint": 3.1068941400271044e-06,
          "n": 4925.0
        }
      },
      "n_indices": 8
    },
    "5": {
      "avg_rank": {
        "RW": 8.125,
        "HistMean": 8.875,
        "MA22": 6.75,
        "EWMA": 5.625,
        "AR1Log": 5.625,
        "ARFIMA": 2.875,
        "HAR": 3.625,
        "LogHAR": 1.0,
        "GBRT": 2.5
      },
      "avg_qlike": {
        "RW": 0.42650209912786347,
        "HistMean": 0.5517815671247152,
        "MA22": 0.20722758483741527,
        "EWMA": 0.18639655364903704,
        "AR1Log": 0.18446154658980915,
        "ARFIMA": 0.15036516490296234,
        "HAR": 0.1597328484907917,
        "LogHAR": 0.14006589170820857,
        "GBRT": 0.1497936958362916
      },
      "mcs_count": {
        "RW": 0,
        "HistMean": 0,
        "MA22": 0,
        "EWMA": 0,
        "AR1Log": 0,
        "ARFIMA": 1,
        "HAR": 0,
        "LogHAR": 8,
        "GBRT": 2
      },
      "dm_beats_har": {
        "RW": 0,
        "HistMean": 0,
        "MA22": 0,
        "EWMA": 0,
        "AR1Log": 0,
        "ARFIMA": 6,
        "HAR": 0,
        "LogHAR": 8,
        "GBRT": 4
      },
      "dm_loses_har": {
        "RW": 8,
        "HistMean": 8,
        "MA22": 8,
        "EWMA": 6,
        "AR1Log": 4,
        "ARFIMA": 0,
        "HAR": 0,
        "LogHAR": 0,
        "GBRT": 0
      },
      "mz_best": {
        ".SPX": {
          "model": "LogHAR",
          "alpha": 5.670480669920629e-07,
          "beta": 1.0336436579996013,
          "r2": 0.6270354759502843,
          "p_alpha": 0.8038692606380717,
          "p_beta": 0.0027343085158483627,
          "p_joint": 0.001464097497811463,
          "n": 5047.0
        },
        ".DJI": {
          "model": "LogHAR",
          "alpha": 2.9271570216864228e-09,
          "beta": 1.0433026868885937,
          "r2": 0.58894872140827,
          "p_alpha": 0.9990630770690598,
          "p_beta": 0.00042285626149875943,
          "p_joint": 0.00022474465206238876,
          "n": 5044.0
        },
        ".FTSE": {
          "model": "LogHAR",
          "alpha": 2.575378793869697e-06,
          "beta": 1.0204652572054291,
          "r2": 0.5185287640220849,
          "p_alpha": 0.3447247444899424,
          "p_beta": 0.13807459610872785,
          "p_joint": 0.02868628736422615,
          "n": 5081.0
        },
        ".GDAXI": {
          "model": "LogHAR",
          "alpha": 4.253039944398004e-06,
          "beta": 0.969283628109878,
          "r2": 0.6373635626034616,
          "p_alpha": 0.0901619298466588,
          "p_beta": 0.002692098940308301,
          "p_joint": 0.01098273491236714,
          "n": 5109.0
        },
        ".FCHI": {
          "model": "LogHAR",
          "alpha": 2.728591965747252e-06,
          "beta": 0.9929201421675149,
          "r2": 0.6100606432363671,
          "p_alpha": 0.22272823701310368,
          "p_beta": 0.5223822280065331,
          "p_joint": 0.47030266002509347,
          "n": 5147.0
        },
        ".STOXX50E": {
          "model": "LogHAR",
          "alpha": 4.9027924382282e-06,
          "beta": 0.9850055842727571,
          "r2": 0.5391929424210287,
          "p_alpha": 0.12144504156579876,
          "p_beta": 0.2383841355695278,
          "p_joint": 0.2878826553625775,
          "n": 5130.0
        },
        ".N225": {
          "model": "LogHAR",
          "alpha": 5.996800050405478e-07,
          "beta": 0.9867664683069755,
          "r2": 0.5131208117079631,
          "p_alpha": 0.7546645365199174,
          "p_beta": 0.33651088064152623,
          "p_joint": 0.5663289374829045,
          "n": 4876.0
        },
        ".HSI": {
          "model": "LogHAR",
          "alpha": 1.8518898115455756e-06,
          "beta": 0.9842433235464179,
          "r2": 0.578420785038744,
          "p_alpha": 0.24921441844962205,
          "p_beta": 0.18851305293438936,
          "p_joint": 0.3891048989000059,
          "n": 4921.0
        }
      },
      "n_indices": 8
    },
    "22": {
      "avg_rank": {
        "RW": 8.5,