{
  "tickers": [
    ".SPX",
    ".DJI",
    ".FTSE",
    ".GDAXI",
    ".FCHI",
    ".STOXX50E",
    ".N225",
    ".HSI"
  ],
  "horizons": [
    1,
    5,
    22
  ],
  "meta": {
    "seed": 0,
    "mcs_reps": 2000,
    "block_floor": "max(block_length, horizon + 2)",
    "git_sha": "48b8c6c",
    "packages": {
      "numpy": "1.26.4",
      "scipy": "1.11.4",
      "pandas": "2.2.2",
      "scikit-learn": "1.8.0",
      "statsmodels": "0.14.6",
      "arch": "8.0.0"
    }
  },
  "by_horizon": {
    "1": {
      "avg_rank": {
        "RW": 7.75,
        "HistMean": 8.875,
        "MA22": 7.0,
        "EWMA": 5.875,
        "AR1Log": 5.5,
        "ARFIMA": 2.75,
        "HAR": 3.375,
        "LogHAR": 1.125,
        "GBRT": 2.75
      },
      "avg_qlike": {
        "RW": 0.4677110264990317,
        "HistMean": 0.651054586227195,
        "MA22": 0.2617734316339518,
        "EWMA": 0.2437208374426153,
        "AR1Log": 0.23868634894704038,
        "ARFIMA": 0.1969666602009595,
        "HAR": 0.19833916022138653,
        "LogHAR": 0.18659485102294845,
        "GBRT": 0.19600576253526417
      },
      "mcs_count": {
        "RW": 0,
        "HistMean": 0,
        "MA22": 0,
        "EWMA": 0,
        "AR1Log": 0,
        "ARFIMA": 0,
        "HAR": 2,
        "LogHAR": 8,
        "GBRT": 1
      },
      "dm_beats_har": {
        "RW": 0,
        "HistMean": 0,
        "MA22": 0,
        "EWMA": 0,
        "AR1Log": 0,
        "ARFIMA": 4,
        "HAR": 0,
        "LogHAR": 6,
        "GBRT": 2
      },
      "dm_loses_har": {
        "RW": 7,
        "HistMean": 8,
        "MA22": 8,
        "EWMA": 8,
        "AR1Log": 8,
        "ARFIMA": 1,
        "HAR": 0,
        "LogHAR": 0,
        "GBRT": 1
      },
      "mz_best": {
        ".SPX": {
          "model": "LogHAR",
          "alpha": -2.929798180677222e-06,
          "beta": 1.069304108298583,
          "r2": 0.5746989028461049,
          "p_alpha": 0.6098063947750971,
          "p_beta": 0.34669560701367697,
          "p_joint": 0.20608643593161485,
          "n": 5051.0
        },
        ".DJI": {
          "model": "LogHAR",
          "alpha": -5.042925016660816e-06,
          "beta": 1.0974455020811895,
          "r2": 0.5162071781019952,
          "p_alpha": 0.4090476654064309,
          "p_beta": 0.2089455028569126,
          "p_joint": 0.20017672483649343,
          "n": 5048.0
        },
        ".FTSE": {
          "model": "LogHAR",
          "alpha": 3.5524407537197633e-07,
          "beta": 1.0524457224017292,
          "r2": 0.3672356889359585,
          "p_alpha": 0.9613324690401452,
          "p_beta": 0.5373626121985535,
          "p_joint": 0.07119591126727333,
          "n": 5085.0
        },
        ".GDAXI": {
          "model": "LogHAR",
          "alpha": -4.1708999831362145e-06,
          "beta": 1.0364757141819803,
          "r2": 0.5905526850101315,
          "p_alpha": 0.5228904878794076,
          "p_beta": 0.52388198728394,
          "p_joint": 0.8135380575776361,
          "n": 5113.0
        },
        ".FCHI": {
          "model": "LogHAR",
          "alpha": -2.633656538467922e-06,
          "beta": 1.0385061267392888,
          "r2": 0.5565355815361657,
          "p_alpha": 0.7367204523585262,
          "p_beta": 0.6107660906780026,
          "p_joint": 0.5600026648326161,
          "n": 5151.0
        },
        ".STOXX50E": {
          "model": "LogHAR",
          "alpha": -2.9679104680009917e-06,
          "beta": 1.0119109569792537,
          "r2": 0.45207285139680853,
          "p_alpha": 0.7636793166244994,
          "p_beta": 0.8815829387057766,
          "p_joint": 0.7521310892236963,
          "n": 5134.0
        },
        ".N225": {
          "model": "LogHAR",
          "alpha": -2.0209798961986844e-06,
          "beta": 1.0329990868738113,
          "r2": 0.4626454250355837,
          "p_alpha": 0.7001613789647745,
          "p_beta": 0.6247817762308179,
          "p_joint": 0.8407764288723514,
          "n": 4880.0
        },
        ".HSI": {
          "model": "HAR",
          "alpha": 3.512478710182126e-06,
          "beta": 0.9334844995855047,
          "r2": 0.48175881492701145,
          "p_alpha": 0.611082184586367,
          "p_beta": 0.45301128762569964,
          "p_joint": 0.3208254911974863,
          "n": 4925.0
        }
      },
      "n_indices": 8
    },
    "5": {
      "avg_rank": {
        "RW": 8.125,
        "HistMean": 8.875,
        "MA22": 6.75,
        "EWMA": 5.625,
        "AR1Log": 5.625,
        "ARFIMA": 2.875,
        "HAR": 3.625,
        "LogHAR": 1.0,
        "GBRT": 2.5
      },
      "avg_qlike": {
        "RW": 0.42650209912786347,
        "HistMean": 0.5517815671247152,
        "MA22": 0.20722758483741527,
        "EWMA": 0.18639655364903704,
        "AR1Log": 0.18446154658980915,
        "ARFIMA": 0.15036516490296234,
        "HAR": 0.1597328484907917,
        "LogHAR": 0.14006589170820857,
        "GBRT": 0.1497936958362916
      },
      "mcs_count": {
        "RW": 0,
        "HistMean": 0,
        "MA22": 0,
        "EWMA": 0,
        "AR1Log": 0,
        "ARFIMA": 1,
        "HAR": 0,
        "LogHAR": 8,
        "GBRT": 2
      },
      "dm_beats_har": {
        "RW": 0,
        "HistMean": 0,
        "MA22": 0,
        "EWMA": 0,
        "AR1Log": 0,
        "ARFIMA": 6,
        "HAR": 0,
        "LogHAR": 8,
        "GBRT": 4
      },
      "dm_loses_har": {
        "RW": 8,
        "HistMean": 8,
        "MA22": 8,
        "EWMA": 6,
        "AR1Log": 4,
        "ARFIMA": 0,
        "HAR": 0,
        "LogHAR": 0,
        "GBRT": 0
      },
      "mz_best": {
        ".SPX": {
          "model": "LogHAR",
          "alpha": 5.670480669920629e-07,
          "beta": 1.0336436579996013,
          "r2": 0.6270354759502843,
          "p_alpha": 0.8954079340940004,
          "p_beta": 0.5447834363032249,
          "p_joint": 0.04339024210748396,
          "n": 5047.0
        },
        ".DJI": {
          "model": "LogHAR",
          "alpha": 2.9271570216864228e-09,
          "beta": 1.0433026868885937,
          "r2": 0.58894872140827,
          "p_alpha": 0.9994990245583404,
          "p_beta": 0.4618178775863968,
          "p_joint": 0.047070908346162205,
          "n": 5044.0
        },
        ".FTSE": {
          "model": "LogHAR",
          "alpha": 2.575378793869697e-06,
          "beta": 1.0204652572054291,
          "r2": 0.5185287640220849,
          "p_alpha": 0.6297197185553819,
          "p_beta": 0.7292367938512654,
          "p_joint": 0.014303533376839208,
          "n": 5081.0
        },
        ".GDAXI": {
          "model": "LogHAR",
          "alpha": 4.253039944398004e-06,
          "beta": 0.969283628109878,
          "r2": 0.6373635626034616,
          "p_alpha": 0.39042132768197413,
          "p_beta": 0.4644628697943549,
          "p_joint": 0.6577157422696707,
          "n": 5109.0
        },
        ".FCHI": {
          "model": "LogHAR",
          "alpha": 2.728591965747252e-06,
          "beta": 0.9929201421675149,
          "r2": 0.6100606432363671,
          "p_alpha": 0.510096409413211,
          "p_beta": 0.8664311362037616,
          "p_joint": 0.21566049803721693,
          "n": 5147.0
        },
        ".STOXX50E": {
          "model": "LogHAR",
          "alpha": 4.9027924382282e-06,
          "beta": 0.9850055842727571,
          "r2": 0.5391929424210287,
          "p_alpha": 0.4594330689813745,
          "p_beta": 0.7841567572997239,
          "p_joint": 0.17949494333207033,
          "n": 5130.0
        },
        ".N225": {
          "model": "LogHAR",
          "alpha": 5.996800050405478e-07,
          "beta": 0.9867664683069755,
          "r2": 0.5131208117079631,
          "p_alpha": 0.8748562163299327,
          "p_beta": 0.7836067080428563,
          "p_joint": 0.8989309534746871,
          "n": 4876.0
        },
        ".HSI": {
          "model": "LogHAR",
          "alpha": 1.8518898115455756e-06,
          "beta": 0.9842433235464179,