{
  "ticker": ".SPX",
  "horizon": 22,
  "n_origins": 5030,
  "mean_implied_vol_pct": 21.466704353606982,
  "mean_realized_vol_pct": 16.333622693461386,
  "mean_vrp_daily": 7.699689107651281e-05,
  "vrp_positive_fraction": 0.920079522862823,
  "books": {
    "always_short": {
      "ann_sharpe": 1.4536865355841804,
      "hit_rate": 0.920079522862823,
      "mean_pnl": 7.699689107651281e-05,
      "total_pnl": 0.3872943621148594,
      "max_drawdown": 0.033621658076791724,
      "sharpe_pp": 0.3851903604217041,
      "psr": 0.9999000884263731,
      "dsr": 0.9998950820317087
    },
    "timed": {
      "ann_sharpe": 1.6005750095310414,
      "hit_rate": 0.910337972166998,
      "mean_pnl": 3.85888671989252e-05,
      "total_pnl": 0.19410200201059377,
      "max_drawdown": 0.01180298894481796,
      "sharpe_pp": 0.38258856433408567,
      "psr": 0.9995975006590038,
      "dsr": 0.9995808813591895
    },
    "longshort": {
      "ann_sharpe": 1.6005750095310414,
      "hit_rate": 0.910337972166998,
      "mean_pnl": 3.85888671989252e-05,
      "total_pnl": 0.19410200201059377,
      "max_drawdown": 0.01180298894481796,
      "sharpe_pp": 0.38258856433408567,
      "psr": 0.9995975006590038,
      "dsr": 0.9995808813591895
    }
  },
  "dm_timed_vs_always_short": {
    "mean_diff": 3.840802387758759e-05,
    "dm_stat": 6.343445662328507,
    "p_value": 2.443732902854768e-10,
    "favored": 1.0,
    "n": 5030.0
  }
}